Ativo,cod_Ativo_guess,cod_Ativo_guess_norm,Fundo
LFT mar 30,LFTMAR30,LFTMAR30,BBRASIL FIM CP RESP
LFT set 28,LFTSET28,LFTSET28,BBRASIL FIM CP RESP
LFT mar 29,LFTMAR29,LFTMAR29,BBRASIL FIM CP RESP
LFT set 29,LFTSET29,LFTSET29,BBRASIL FIM CP RESP
LFT mar 27,LFTMAR27,LFTMAR27,BMG SEG
LFT mar 26,LFTMAR26,LFTMAR26,BMG SEG
LFT set 26,LFTSET26,LFTSET26,BMG SEG
LFT set 28,LFTSET28,LFTSET28,BMG SEG
LFT set 27,LFTSET27,LFTSET27,BMG SEG
NTN-B30,NTNB30,NTNB30,BMG SEG
NTN-B35,NTNB35,NTNB35,BMG SEG
NTN-B 29,NTNB29,NTNB29,BMG SEG
LFT mar 27,LFTMAR27,LFTMAR27,BORDEAUX INFRA
LFT set 29,LFTSET29,LFTSET29,BORDEAUX INFRA
LFT mar 30,LFTMAR30,LFTMAR30,FIRF GERAES
LFT jun 30,LFTJUN30,LFTJUN30,FIRF GERAES
LFT jun 31,LFTJUN31,LFTJUN31,FIRF GERAES
LFT set 27,LFTSET27,LFTSET27,FIRF GERAES
LFT set 26,LFTSET26,LFTSET26,FIRF GERAES
LFT mar 30,LFTMAR30,LFTMAR30,FIRF GERAES 30
LFT mar 26,LFTMAR26,LFTMAR26,FIRF GERAES 30
LFT set 30,LFTSET30,LFTSET30,GLOBAL BONDS
LFT set 26,LFTSET26,LFTSET26,HORIZONTE FIM
LFT mar 28,LFTMAR28,LFTMAR28,HORIZONTE FIM
LFT mar 27,LFTMAR27,LFTMAR27,MANACA INFRA
LFT jun 30,LFTJUN30,LFTJUN30,MANACA INFRA
LFT mar 30,LFTMAR30,LFTMAR30,MANACA INFRA
LFT mar 27,LFTMAR27,LFTMAR27,TOPAZIO INFRA
LFT set 28,LFTSET28,LFTSET28,TOPAZIO INFRA
NTN-B26,NTNB26,NTNB26,TOPAZIO INFRA
LF0025008NC,LF0025008NC,LF0025008NC,BBRASIL FIM CP RESP
LF002400T6Q,LF002400T6Q,LF002400T6Q,TOPAZIO INFRA
Provisão,PROVISAO,PROVISAO,AF DEB INCENTIVADAS
Provisão,PROVISAO,PROVISAO,ALFA HORIZON FIA
Provisão,PROVISAO,PROVISAO,BBRASIL FIM CP RESP
Provisão,PROVISAO,PROVISAO,BMG SEG
Provisão,PROVISAO,PROVISAO,BORDEAUX INFRA
Provisão,PROVISAO,PROVISAO,FIA MINAS
Provisão,PROVISAO,PROVISAO,FIRF GERAES
Provisão,PROVISAO,PROVISAO,FIRF GERAES 30
Provisão,PROVISAO,PROVISAO,GLOBAL BONDS
Provisão,PROVISAO,PROVISAO,HORIZONTE FIM
Provisão,PROVISAO,PROVISAO,MANACA INFRA
Provisão,PROVISAO,PROVISAO,MINAS DIVIDENDOS FIA
Provisão,PROVISAO,PROVISAO,MINAS O.N.E. FIA
Provisão,PROVISAO,PROVISAO,ROMEU FIM
Provisão,PROVISAO,PROVISAO,TOPAZIO INFRA
BBASB264,BBASB264,BBASB264,MINAS DIVIDENDOS FIA
ALOSB33,ALOSB33,ALOSB33,MINAS DIVIDENDOS FIA
ITSAB157,ITSAB157,ITSAB157,MINAS DIVIDENDOS FIA
LFSN250093T,LFSN250093T,LFSN250093T,FIRF GERAES
LFSN250093T,LFSN250093T,LFSN250093T,FIRF GERAES 30
LFSN250093T,LFSN250093T,LFSN250093T,HORIZONTE FIM
LFSN1900008,LFSN1900008,LFSN1900008,FIRF GERAES
LFSN1800HXO,LFSN1800HXO,LFSN1800HXO,FIRF GERAES
LFSN1800D4X,LFSN1800D4X,LFSN1800D4X,FIRF GERAES
LFSN1900CR5,LFSN1900CR5,LFSN1900CR5,FIRF GERAES 30
LFSN RCI,LFSNRCI,LFSNRCI,FIRF GERAES
LFSN RCI,LFSNRCI,LFSNRCI,FIRF GERAES 30
LFSN19006KN,LFSN19006KN,LFSN19006KN,FIRF GERAES
LFSN19006KM,LFSN19006KM,LFSN19006KM,FIRF GERAES 30
LFSN19006KM,LFSN19006KM,LFSN19006KM,HORIZONTE FIM
LFSN210099R,LFSN210099R,LFSN210099R,HORIZONTE FIM
LFSN19006KM,LFSN19006KM,LFSN19006KM,MANACA INFRA
LFSN1800DIG,LFSN1800DIG,LFSN1800DIG,FIRF GERAES
LFSN2200E75,LFSN2200E75,LFSN2200E75,FIRF GERAES
LFSN2200E75,LFSN2200E75,LFSN2200E75,FIRF GERAES 30
LFSN2200E75,LFSN2200E75,LFSN2200E75,HORIZONTE FIM
LFSN2200E75,LFSN2200E75,LFSN2200E75,MANACA INFRA
LFSN1900971,LFSN1900971,LFSN1900971,BORDEAUX INFRA
LFSN1900971,LFSN1900971,LFSN1900971,FIRF GERAES
LFSN19009YU,LFSN19009YU,LFSN19009YU,FIRF GERAES
LFSN1900971,LFSN1900971,LFSN1900971,FIRF GERAES 30
LFSN2200G2L,LFSN2200G2L,LFSN2200G2L,FIRF GERAES
LFSN2200G7D,LFSN2200G7D,LFSN2200G7D,FIRF GERAES 30
LFSN2200G2K,LFSN2200G2K,LFSN2200G2K,HORIZONTE FIM
LFSN2200G2M,LFSN2200G2M,LFSN2200G2M,HORIZONTE FIM
LFSN2200G2M,LFSN2200G2M,LFSN2200G2M,MANACA INFRA
LFSC24000BB,LFSC24000BB,LFSC24000BB,FIRF GERAES
LFSC24000BB,LFSC24000BB,LFSC24000BB,FIRF GERAES 30
LFSC24000BB,LFSC24000BB,LFSC24000BB,HORIZONTE FIM
LFSC24000BB,LFSC24000BB,LFSC24000BB,MANACA INFRA
LFSC24000BB,LFSC24000BB,LFSC24000BB,TOPAZIO INFRA
LFSC22000ZR,LFSC22000ZR,LFSC22000ZR,FIRF GERAES
LFSC22000ZR,LFSC22000ZR,LFSC22000ZR,FIRF GERAES 30
LFSC22000ZR,LFSC22000ZR,LFSC22000ZR,HORIZONTE FIM
LFSC190054D,LFSC190054D,LFSC190054D,FIRF GERAES
LFSC19005FF,LFSC19005FF,LFSC19005FF,FIRF GERAES 30
LFSC19005L3,LFSC19005L3,LFSC19005L3,FIRF GERAES 30
LFSC190054I,LFSC190054I,LFSC190054I,FIRF GERAES 30
LFSC19005L1,LFSC19005L1,LFSC19005L1,HORIZONTE FIM
LFSC19005FF,LFSC19005FF,LFSC19005FF,HORIZONTE FIM
LFSC190054I,LFSC190054I,LFSC190054I,HORIZONTE FIM
LFSC190054C,LFSC190054C,LFSC190054C,HORIZONTE FIM
LFSC190059S,LFSC190059S,LFSC190059S,HORIZONTE FIM
LFSC190054D,LFSC190054D,LFSC190054D,HORIZONTE FIM
LFSC190054D,LFSC190054D,LFSC190054D,MANACA INFRA
LFSC25004NH,LFSC25004NH,LFSC25004NH,FIRF GERAES
LFSC25004NH,LFSC25004NH,LFSC25004NH,FIRF GERAES 30
LFSC25004NH,LFSC25004NH,LFSC25004NH,HORIZONTE FIM
LFSC24001JQ,LFSC24001JQ,LFSC24001JQ,FIRF GERAES
LFSC24001JR,LFSC24001JR,LFSC24001JR,FIRF GERAES 30
LFSC24001JU,LFSC24001JU,LFSC24001JU,HORIZONTE FIM
LFSC24001JS,LFSC24001JS,LFSC24001JS,MANACA INFRA
LFSC24001P5,LFSC24001P5,LFSC24001P5,TOPAZIO INFRA
LF002400951,LF002400951,LF002400951,FIRF GERAES
LF002305RFW,LF002305RFW,LF002305RFW,FIRF GERAES
LF002305RFO,LF002305RFO,LF002305RFO,FIRF GERAES
LF002400951,LF002400951,LF002400951,FIRF GERAES 30
LF002305RGL,LF002305RGL,LF002305RGL,HORIZONTE FIM
LF002400951,LF002400951,LF002400951,HORIZONTE FIM
LF002305RG9,LF002305RG9,LF002305RG9,MANACA INFRA
LF002400951,LF002400951,LF002400951,MANACA INFRA
LF002400BZO,LF002400BZO,LF002400BZO,FIRF GERAES
LF002400BZO,LF002400BZO,LF002400BZO,FIRF GERAES 30
LF002400GAO,LF002400GAO,LF002400GAO,FIRF GERAES
LF0024007OE,LF0024007OE,LF0024007OE,FIRF GERAES
LF002400GAO,LF002400GAO,LF002400GAO,FIRF GERAES 30
LF0024007OE,LF0024007OE,LF0024007OE,FIRF GERAES 30
LF0024007OE,LF0024007OE,LF0024007OE,HORIZONTE FIM
LF0024007OE,LF0024007OE,LF0024007OE,MANACA INFRA
LF002400LQY,LF002400LQY,LF002400LQY,BBRASIL FIM CP RESP
LF00240072E,LF00240072E,LF00240072E,BMG SEG
LF0024008OB,LF0024008OB,LF0024008OB,BMG SEG
LF0024008OB,LF0024008OB,LF0024008OB,FIRF GERAES
LF XP,,,FIRF GERAES
LF002400Q0C,LF002400Q0C,LF002400Q0C,FIRF GERAES
LF002400Q0B,LF002400Q0B,LF002400Q0B,FIRF GERAES
LF002400Q0D,LF002400Q0D,LF002400Q0D,FIRF GERAES 30
LF002400EY5,LF002400EY5,LF002400EY5,FIRF GERAES
LF002400EY5,LF002400EY5,LF002400EY5,FIRF GERAES 30
LF002400EY5,LF002400EY5,LF002400EY5,MANACA INFRA
LF002400LGY,LF002400LGY,LF002400LGY,BMG SEG
LF002400KBW,LF002400KBW,LF002400KBW,FIRF GERAES
LF002400LGS,LF002400LGS,LF002400LGS,FIRF GERAES
LF002400KBU,LF002400KBU,LF002400KBU,FIRF GERAES
LF002400LGT,LF002400LGT,LF002400LGT,FIRF GERAES
LF002400LGM,LF002400LGM,LF002400LGM,FIRF GERAES
LF002400LGS,LF002400LGS,LF002400LGS,FIRF GERAES 30
LF002400KBY,LF002400KBY,LF002400KBY,FIRF GERAES 30
LF002400KBT,LF002400KBT,LF002400KBT,FIRF GERAES 30
LF002400KBX,LF002400KBX,LF002400KBX,MANACA INFRA
LF002400KC2,LF002400KC2,LF002400KC2,TOPAZIO INFRA
LF002400GJ4,LF002400GJ4,LF002400GJ4,FIRF GERAES
LF002400ABN,LF002400ABN,LF002400ABN,FIRF GERAES
LF0024008ZU,LF0024008ZU,LF0024008ZU,FIRF GERAES
LF002400ABK,LF002400ABK,LF002400ABK,FIRF GERAES
LF002400ABF,LF002400ABF,LF002400ABF,FIRF GERAES
LF002400GJ4,LF002400GJ4,LF002400GJ4,FIRF GERAES 30
LF002400ABJ,LF002400ABJ,LF002400ABJ,FIRF GERAES 30
LF002400GJ4,LF002400GJ4,LF002400GJ4,HORIZONTE FIM
LF0024008ZU,LF0024008ZU,LF0024008ZU,HORIZONTE FIM
LF0024008ZU,LF0024008ZU,LF0024008ZU,MANACA INFRA
LF002400ABH,LF002400ABH,LF002400ABH,MANACA INFRA
LF002400ABG,LF002400ABG,LF002400ABG,MANACA INFRA
LF0024008ZU,LF0024008ZU,LF0024008ZU,TOPAZIO INFRA
LF002400ABI,LF002400ABI,LF002400ABI,TOPAZIO INFRA
LF002400UVP,LF002400UVP,LF002400UVP,FIRF GERAES
LF002400UVJ,LF002400UVJ,LF002400UVJ,FIRF GERAES 30
LF002500E1G,LF002500E1G,LF002500E1G,FIRF GERAES
LF002500PSL,LF002500PSL,LF002500PSL,FIRF GERAES
LF002500PSL,LF002500PSL,LF002500PSL,FIRF GERAES 30
LF002500E1G,LF002500E1G,LF002500E1G,FIRF GERAES 30
LF002500E1G,LF002500E1G,LF002500E1G,HORIZONTE FIM
LF002500PSL,LF002500PSL,LF002500PSL,HORIZONTE FIM
LF002500PSL,LF002500PSL,LF002500PSL,MANACA INFRA
LF002500E1G,LF002500E1G,LF002500E1G,MANACA INFRA
LF002500E1G,LF002500E1G,LF002500E1G,TOPAZIO INFRA
LF002500PSL,LF002500PSL,LF002500PSL,TOPAZIO INFRA
LF002400BWH,LF002400BWH,LF002400BWH,BMG SEG
LF002400BWH,LF002400BWH,LF002400BWH,FIRF GERAES
LF002400BWH,LF002400BWH,LF002400BWH,FIRF GERAES 30
DAPAGO30,DAPAGO30,DAPAGO30,BORDEAUX INFRA
DAPAGO32,DAPAGO32,DAPAGO32,BORDEAUX INFRA
DAPMAI29,DAPMAI29,DAPMAI29,BORDEAUX INFRA
DAPMAI33,DAPMAI33,DAPMAI33,BORDEAUX INFRA
DAPAGO28,DAPAGO28,DAPAGO28,BORDEAUX INFRA
DAPMAI27,DAPMAI27,DAPMAI27,BORDEAUX INFRA
DAPAGO26,DAPAGO26,DAPAGO26,BORDEAUX INFRA
DAPAGO40,DAPAGO40,DAPAGO40,BORDEAUX INFRA
DI1JAN30,DI1JAN30,DI1JAN30,BORDEAUX INFRA
DI1JUL26,DI1JUL26,DI1JUL26,BORDEAUX INFRA
DI1JAN31,DI1JAN31,DI1JAN31,BORDEAUX INFRA
DI1JAN29,DI1JAN29,DI1JAN29,BORDEAUX INFRA
DAPMAI35,DAPMAI35,DAPMAI35,BORDEAUX INFRA
DAPAGO30,DAPAGO30,DAPAGO30,FIRF GERAES
DAPMAI29,DAPMAI29,DAPMAI29,FIRF GERAES
DAPAGO28,DAPAGO28,DAPAGO28,FIRF GERAES
DAPAGO26,DAPAGO26,DAPAGO26,FIRF GERAES
DAPMAI27,DAPMAI27,DAPMAI27,FIRF GERAES
DI1JUL26,DI1JUL26,DI1JUL26,FIRF GERAES
DI1JAN29,DI1JAN29,DI1JAN29,FIRF GERAES
DI1JAN27,DI1JAN27,DI1JAN27,FIRF GERAES
DI1JAN28,DI1JAN28,DI1JAN28,FIRF GERAES
DAPAGO30,DAPAGO30,DAPAGO30,FIRF GERAES 30
DAPMAI29,DAPMAI29,DAPMAI29,FIRF GERAES 30
DAPAGO28,DAPAGO28,DAPAGO28,FIRF GERAES 30
DAPAGO26,DAPAGO26,DAPAGO26,FIRF GERAES 30
DAPMAI27,DAPMAI27,DAPMAI27,FIRF GERAES 30
DI1JUL26,DI1JUL26,DI1JUL26,FIRF GERAES 30
DI1JAN29,DI1JAN29,DI1JAN29,FIRF GERAES 30
DI1JAN27,DI1JAN27,DI1JAN27,FIRF GERAES 30
DI1JAN28,DI1JAN28,DI1JAN28,FIRF GERAES 30
DOLMAR26,DOLMAR26,DOLMAR26,GLOBAL BONDS
DDIMAR26,DDIMAR26,DDIMAR26,HORIZONTE FIM
DOLFEV26,DOLFEV26,DOLFEV26,HORIZONTE FIM
DAPAGO30,DAPAGO30,DAPAGO30,HORIZONTE FIM
DAPMAI29,DAPMAI29,DAPMAI29,HORIZONTE FIM
DAPAGO26,DAPAGO26,DAPAGO26,HORIZONTE FIM
DAPAGO28,DAPAGO28,DAPAGO28,HORIZONTE FIM
DAPMAI27,DAPMAI27,DAPMAI27,HORIZONTE FIM
DI1JUL26,DI1JUL26,DI1JUL26,HORIZONTE FIM
DDIJAN27,DDIJAN27,DDIJAN27,HORIZONTE FIM
DI1JAN31,DI1JAN31,DI1JAN31,HORIZONTE FIM
DI1JAN28,DI1JAN28,DI1JAN28,HORIZONTE FIM
DI1JAN29,DI1JAN29,DI1JAN29,HORIZONTE FIM
T10MAR26,T10MAR26,T10MAR26,HORIZONTE FIM
DDIJAN31,DDIJAN31,DDIJAN31,HORIZONTE FIM
DDIJAN29,DDIJAN29,DDIJAN29,HORIZONTE FIM
DOLMAR26,DOLMAR26,DOLMAR26,HORIZONTE FIM
DAPAGO30,DAPAGO30,DAPAGO30,MANACA INFRA
DAPAGO32,DAPAGO32,DAPAGO32,MANACA INFRA
DAPMAI29,DAPMAI29,DAPMAI29,MANACA INFRA
DAPMAI33,DAPMAI33,DAPMAI33,MANACA INFRA
DAPAGO28,DAPAGO28,DAPAGO28,MANACA INFRA
DAPMAI27,DAPMAI27,DAPMAI27,MANACA INFRA
DAPAGO26,DAPAGO26,DAPAGO26,MANACA INFRA
DAPAGO40,DAPAGO40,DAPAGO40,MANACA INFRA
DI1JAN30,DI1JAN30,DI1JAN30,MANACA INFRA
DI1JUL26,DI1JUL26,DI1JUL26,MANACA INFRA
DI1JAN31,DI1JAN31,DI1JAN31,MANACA INFRA
DI1JAN28,DI1JAN28,DI1JAN28,MANACA INFRA
DI1JAN29,DI1JAN29,DI1JAN29,MANACA INFRA
DAPMAI35,DAPMAI35,DAPMAI35,MANACA INFRA
DAPAGO30,DAPAGO30,DAPAGO30,TOPAZIO INFRA
DAPAGO32,DAPAGO32,DAPAGO32,TOPAZIO INFRA
DAPMAI29,DAPMAI29,DAPMAI29,TOPAZIO INFRA
DAPMAI33,DAPMAI33,DAPMAI33,TOPAZIO INFRA
DAPAGO28,DAPAGO28,DAPAGO28,TOPAZIO INFRA
DAPMAI27,DAPMAI27,DAPMAI27,TOPAZIO INFRA
DAPAGO26,DAPAGO26,DAPAGO26,TOPAZIO INFRA
DAPAGO40,DAPAGO40,DAPAGO40,TOPAZIO INFRA
DI1JAN30,DI1JAN30,DI1JAN30,TOPAZIO INFRA
DI1JAN31,DI1JAN31,DI1JAN31,TOPAZIO INFRA
DI1JAN29,DI1JAN29,DI1JAN29,TOPAZIO INFRA
DAPMAI35,DAPMAI35,DAPMAI35,TOPAZIO INFRA
FIDC ER 2030,FIDCER2030,FIDCER2030,BORDEAUX INFRA
FIDC ER 2030,FIDCER2030,FIDCER2030,FIRF GERAES
FIDC ER 2030,FIDCER2030,FIDCER2030,FIRF GERAES 30
FIDC ER 2030,FIDCER2030,FIDCER2030,HORIZONTE FIM
FIDC ER 2030,FIDCER2030,FIDCER2030,MANACA INFRA
FIDC ER 2030,FIDCER2030,FIDCER2030,TOPAZIO INFRA
FIDC BV Auto,FIDCBVAUTO,FIDCBVAUTO,FIRF GERAES
FIDC BV Auto,FIDCBVAUTO,FIDCBVAUTO,FIRF GERAES 30
HORIZONTE FIM CP,HORIZONTEFIMCP,HORIZONTEFIMCP,ROMEU FIM
GERAES 30,GERAES30,GERAES30,BORDEAUX INFRA
GERAES 30,GERAES30,GERAES30,ROMEU FIM
GERAES 30,GERAES30,GERAES30,TOPAZIO INFRA
GERAES,GERAES,GERAES,FIRF GERAES 30
GERAES,GERAES,GERAES,GLOBAL BONDS
GERAES,GERAES,GERAES,ROMEU FIM
AF DEBENTURES INCENTIVADAS,,,ROMEU FIM
AF GLOBAL BONDS FI RF CP IE,,,BORDEAUX INFRA
AF GLOBAL BONDS FI RF CP IE,,,FIRF GERAES 30
AF GLOBAL BONDS FI RF CP IE,,,TOPAZIO INFRA
SANTANDER CASH ORANGE,SANTANDERCASHORANGE,SANTANDERCASHORANGE,GLOBAL BONDS
CASH BLUE,CASHBLUE,CASHBLUE,GLOBAL BONDS
Santander CashBlack,SANTANDERCASHBLACK,SANTANDERCASHBLACK,BMG SEG
FIDC Unique Sr 2,FIDCUNIQUESR2,FIDCUNIQUESR2,HORIZONTE FIM
FIDC Sifra Plus Sr,FIDCSIFRAPLUSSR,FIDCSIFRAPLUSSR,BORDEAUX INFRA
FIDC Sifra Plus Sr,FIDCSIFRAPLUSSR,FIDCSIFRAPLUSSR,HORIZONTE FIM
FIDC Sifra Plus Sr,FIDCSIFRAPLUSSR,FIDCSIFRAPLUSSR,TOPAZIO INFRA
FIDC Pagbem Sr 8,FIDCPAGBEMSR8,FIDCPAGBEMSR8,BORDEAUX INFRA
FIDC Pagbem Sr 8,FIDCPAGBEMSR8,FIDCPAGBEMSR8,FIRF GERAES
FIDC Pagbem Sr 8,FIDCPAGBEMSR8,FIDCPAGBEMSR8,FIRF GERAES 30
FIDC Pagbem Sr 8,FIDCPAGBEMSR8,FIDCPAGBEMSR8,HORIZONTE FIM
FIDC Pagbem Sr 8,FIDCPAGBEMSR8,FIDCPAGBEMSR8,MANACA INFRA
FIDC Pagbem Sr 8,FIDCPAGBEMSR8,FIDCPAGBEMSR8,TOPAZIO INFRA
ORIZ JURI LC FIDC,ORIZJURILCFIDC,ORIZJURILCFIDC,BORDEAUX INFRA
ORIZ JURI LC FIDC,ORIZJURILCFIDC,ORIZJURILCFIDC,HORIZONTE FIM
ORIZ JURI LC FIDC,ORIZJURILCFIDC,ORIZJURILCFIDC,MANACA INFRA
ORIZ JURI LC FIDC,ORIZJURILCFIDC,ORIZJURILCFIDC,TOPAZIO INFRA
FIDC ICred Sr,FIDCICREDSR,FIDCICREDSR,BORDEAUX INFRA
FIDC ICred Sr,FIDCICREDSR,FIDCICREDSR,FIRF GERAES
FIDC ICred Sr,FIDCICREDSR,FIDCICREDSR,FIRF GERAES 30
FIDC iCred Meza 2,FIDCICREDMEZA2,FIDCICREDMEZA2,HORIZONTE FIM
FIDC ICred Sr,FIDCICREDSR,FIDCICREDSR,TOPAZIO INFRA
FIDC Guardian MC II Sr,FIDCGUARDIANMCIISR,FIDCGUARDIANMCIISR,BORDEAUX INFRA
FIDC Guardian MC II Sr,FIDCGUARDIANMCIISR,FIDCGUARDIANMCIISR,FIRF GERAES
FIDC Guardian MC II Sr,FIDCGUARDIANMCIISR,FIDCGUARDIANMCIISR,FIRF GERAES 30
FIDC Guardian MC II Sr,FIDCGUARDIANMCIISR,FIDCGUARDIANMCIISR,HORIZONTE FIM
FIDC Guardian MC II Sr,FIDCGUARDIANMCIISR,FIDCGUARDIANMCIISR,MANACA INFRA
FIDC Guardian MC II Sr,FIDCGUARDIANMCIISR,FIDCGUARDIANMCIISR,TOPAZIO INFRA
FIDC TMAQ21,FIDCTMAQ21,FIDCTMAQ21,HORIZONTE FIM
FIDC NOTO CONSIGNADOS SR1,,,BORDEAUX INFRA
FIDC NOTO CONSIGNADOS SR1,,,FIRF GERAES
FIDC NOTO CONSIGNADOS SR1,,,FIRF GERAES 30
FIDC NOTO CONSIGNADOS SR1,,,HORIZONTE FIM
FIDC NOTO CONSIGNADOS SR1,,,MANACA INFRA
FIDC NOTO CONSIGNADOS SR1,,,TOPAZIO INFRA
FIDC FS FORTALECE,FIDCFSFORTALECE,FIDCFSFORTALECE,BORDEAUX INFRA
FIDC FS FORTALECE,FIDCFSFORTALECE,FIDCFSFORTALECE,FIRF GERAES
FIDC FS FORTALECE,FIDCFSFORTALECE,FIDCFSFORTALECE,FIRF GERAES 30
FIDC FS FORTALECE,FIDCFSFORTALECE,FIDCFSFORTALECE,HORIZONTE FIM
FIDC FS FORTALECE,FIDCFSFORTALECE,FIDCFSFORTALECE,MANACA INFRA
FIDC FS FORTALECE,FIDCFSFORTALECE,FIDCFSFORTALECE,TOPAZIO INFRA
FIDC URA Agro SR,FIDCURAAGROSR,FIDCURAAGROSR,BORDEAUX INFRA
FIDC URA Agro SR,FIDCURAAGROSR,FIDCURAAGROSR,FIRF GERAES
FIDC URA Agro SR,FIDCURAAGROSR,FIDCURAAGROSR,FIRF GERAES 30
FIDC URA Agro SR,FIDCURAAGROSR,FIDCURAAGROSR,HORIZONTE FIM
FIDC URA Agro SR,FIDCURAAGROSR,FIDCURAAGROSR,MANACA INFRA
FIDC URA Agro SR,FIDCURAAGROSR,FIDCURAAGROSR,TOPAZIO INFRA
FIDC Precavida,FIDCPRECAVIDA,FIDCPRECAVIDA,BORDEAUX INFRA
FIDC Precavida,FIDCPRECAVIDA,FIDCPRECAVIDA,HORIZONTE FIM
FIDC Precavida,FIDCPRECAVIDA,FIDCPRECAVIDA,TOPAZIO INFRA
FIDC PRATA DIGITAL IV SR,FIDCPRATADIGITALIVSR,FIDCPRATADIGITALIVSR,HORIZONTE FIM
FIDC PICPAY FGTS SR,FIDCPICPAYFGTSSR,FIDCPICPAYFGTSSR,FIRF GERAES
FIDC PICPAY FGTS SR,FIDCPICPAYFGTSSR,FIDCPICPAYFGTSSR,FIRF GERAES 30
FIDC PICPAY FGTS SR,FIDCPICPAYFGTSSR,FIDCPICPAYFGTSSR,HORIZONTE FIM
FIDC PICPAY FGTS SR,FIDCPICPAYFGTSSR,FIDCPICPAYFGTSSR,MANACA INFRA
FIDC NXCO Sr 2,FIDCNXCOSR2,FIDCNXCOSR2,HORIZONTE FIM
FIDC LF I SR4,FIDCLFISR4,FIDCLFISR4,BORDEAUX INFRA
FIDC LF I SR4,FIDCLFISR4,FIDCLFISR4,FIRF GERAES
FIDC LF I SR4,FIDCLFISR4,FIDCLFISR4,FIRF GERAES 30
FIDC LF I SR4,FIDCLFISR4,FIDCLFISR4,HORIZONTE FIM
FIDC LF I SR4,FIDCLFISR4,FIDCLFISR4,TOPAZIO INFRA
FIDC Icred INSS,FIDCICREDINSS,FIDCICREDINSS,FIRF GERAES
FIDC Icred INSS,FIDCICREDINSS,FIDCICREDINSS,FIRF GERAES 30
FIDC Icred INSS,FIDCICREDINSS,FIDCICREDINSS,MANACA INFRA
PAKETA CONSIG PRIVADO  SR6,,,BORDEAUX INFRA
PAKETA CONSIG PRIVADO  SR6,,,HORIZONTE FIM
PAKETA CONSIG PRIVADO  SR6,,,MANACA INFRA
PAKETA CONSIG PRIVADO  SR6,,,TOPAZIO INFRA
FIDC Automotivo,FIDCAUTOMOTIVO,FIDCAUTOMOTIVO,BORDEAUX INFRA
FIDC Automotivo,FIDCAUTOMOTIVO,FIDCAUTOMOTIVO,FIRF GERAES
FIDC Automotivo,FIDCAUTOMOTIVO,FIDCAUTOMOTIVO,FIRF GERAES 30
FIDC Automotivo,FIDCAUTOMOTIVO,FIDCAUTOMOTIVO,HORIZONTE FIM
FIDC Automotivo,FIDCAUTOMOTIVO,FIDCAUTOMOTIVO,MANACA INFRA
FIDC Automotivo,FIDCAUTOMOTIVO,FIDCAUTOMOTIVO,TOPAZIO INFRA
FIDC ACR Fast,FIDCACRFAST,FIDCACRFAST,FIRF GERAES
FIDC ACR Fast,FIDCACRFAST,FIDCACRFAST,FIRF GERAES 30
FIDC Ideal Invest 29,FIDCIDEALINVEST29,FIDCIDEALINVEST29,FIRF GERAES 30
FIDC CloudWalk II,FIDCCLOUDWALKII,FIDCCLOUDWALKII,BORDEAUX INFRA
FIDC CloudWalk II,FIDCCLOUDWALKII,FIDCCLOUDWALKII,FIRF GERAES
FIDC CloudWalk II,FIDCCLOUDWALKII,FIDCCLOUDWALKII,FIRF GERAES 30
FIDC CloudWalk II,FIDCCLOUDWALKII,FIDCCLOUDWALKII,MANACA INFRA
FIDC CloudWalk II,FIDCCLOUDWALKII,FIDCCLOUDWALKII,TOPAZIO INFRA
FIDC Artico Sr,FIDCARTICOSR,FIDCARTICOSR,BORDEAUX INFRA
FIDC Artico Sr,FIDCARTICOSR,FIDCARTICOSR,FIRF GERAES 30
FIDC Artico Sr,FIDCARTICOSR,FIDCARTICOSR,HORIZONTE FIM
FIDC Artico Sr,FIDCARTICOSR,FIDCARTICOSR,TOPAZIO INFRA
WNTY12,WNTY12,WNTY12,BORDEAUX INFRA
WNTY12,WNTY12,WNTY12,MANACA INFRA
WNTY12,WNTY12,WNTY12,TOPAZIO INFRA
VEBMA4,VEBMA4,VEBMA4,FIRF GERAES
VEBMA4,VEBMA4,VEBMA4,FIRF GERAES 30
VEBMA4,VEBMA4,VEBMA4,HORIZONTE FIM
VIXL14,VIXL14,VIXL14,FIRF GERAES
VIXL14,VIXL14,VIXL14,FIRF GERAES 30
VIXL14,VIXL14,VIXL14,HORIZONTE FIM
VBBR24,VBBR24,VBBR24,FIRF GERAES
VBBR24,VBBR24,VBBR24,FIRF GERAES 30
VBBR24,VBBR24,VBBR24,HORIZONTE FIM
VSCF17,VSCF17,VSCF17,FIRF GERAES
VSCF17,VSCF17,VSCF17,FIRF GERAES 30
VVRT11,VVRT11,VVRT11,FIRF GERAES
VVRT11,VVRT11,VVRT11,FIRF GERAES 30
VVRT11,VVRT11,VVRT11,HORIZONTE FIM
VAMO33,VAMO33,VAMO33,BORDEAUX INFRA
VAMO23,VAMO23,VAMO23,FIRF GERAES
VAMO13,VAMO13,VAMO13,FIRF GERAES
VAMO23,VAMO23,VAMO23,FIRF GERAES 30
VAMO13,VAMO13,VAMO13,FIRF GERAES 30
VAMO22,VAMO22,VAMO22,FIRF GERAES 30
VAMO13,VAMO13,VAMO13,MANACA INFRA
VAMO23,VAMO23,VAMO23,TOPAZIO INFRA
VLIDA0,VLIDA0,VLIDA0,FIRF GERAES
VLIDA0,VLIDA0,VLIDA0,FIRF GERAES 30
VLIDA0,VLIDA0,VLIDA0,HORIZONTE FIM
VALEA0,VALEA0,VALEA0,BORDEAUX INFRA
VALEB1,VALEB1,VALEB1,BORDEAUX INFRA
CVRDA6,CVRDA6,CVRDA6,GLOBAL BONDS
CVRDA6,CVRDA6,CVRDA6,HORIZONTE FIM
VALEB1,VALEB1,VALEB1,MANACA INFRA
VALEB1,VALEB1,VALEB1,TOPAZIO INFRA
VALEA0,VALEA0,VALEA0,TOPAZIO INFRA
VERT18 (nota reestruturada),,,BORDEAUX INFRA
VERT19 (nota participativa),,,BORDEAUX INFRA
VERT18 (nota reestruturada),,,FIRF GERAES
VERT19 (nota participativa),,,FIRF GERAES
VERT18 (nota reestruturada),,,FIRF GERAES 30
VERT19 (nota participativa),,,FIRF GERAES 30
VERT18 (nota reestruturada),,,TOPAZIO INFRA
VERT19 (nota participativa),,,TOPAZIO INFRA
TUPW11,TUPW11,TUPW11,HORIZONTE FIM
TSSG21,TSSG21,TSSG21,TOPAZIO INFRA
TBCR18,TBCR18,TBCR18,BORDEAUX INFRA
TBCR18,TBCR18,TBCR18,HORIZONTE FIM
TBCR18,TBCR18,TBCR18,MANACA INFRA
TBCR18,TBCR18,TBCR18,TOPAZIO INFRA
TIMS12,TIMS12,TIMS12,BORDEAUX INFRA
TIMS12,TIMS12,TIMS12,MANACA INFRA
TIMS12,TIMS12,TIMS12,TOPAZIO INFRA
TBSP22,TBSP22,TBSP22,FIRF GERAES
TBSP13,TBSP13,TBSP13,FIRF GERAES
SUZBA0,SUZBA0,SUZBA0,BORDEAUX INFRA
SUZBC1,SUZBC1,SUZBC1,MANACA INFRA
SUZBA0,SUZBA0,SUZBA0,TOPAZIO INFRA
RISP12,RISP12,RISP12,BORDEAUX INFRA
RISP12,RISP12,RISP12,MANACA INFRA
RISP12,RISP12,RISP12,TOPAZIO INFRA
SIMH16,SIMH16,SIMH16,FIRF GERAES
JSMLA5,JSMLA5,JSMLA5,FIRF GERAES
SIMH16,SIMH16,SIMH16,FIRF GERAES 30
JSMLA5,JSMLA5,JSMLA5,FIRF GERAES 30
JSMLA5,JSMLA5,JSMLA5,HORIZONTE FIM
SIMH16,SIMH16,SIMH16,HORIZONTE FIM
SIMH16,SIMH16,SIMH16,TOPAZIO INFRA
ASAI22,ASAI22,ASAI22,FIRF GERAES
ASAIA0,ASAIA0,ASAIA0,FIRF GERAES
ASAIA0,ASAIA0,ASAIA0,FIRF GERAES 30
ASAI22,ASAI22,ASAI22,FIRF GERAES 30
ASAI22,ASAI22,ASAI22,HORIZONTE FIM
ASAIA0,ASAIA0,ASAIA0,HORIZONTE FIM
SBFC13,SBFC13,SBFC13,FIRF GERAES
SBFC13,SBFC13,SBFC13,FIRF GERAES 30
SBFC13,SBFC13,SBFC13,HORIZONTE FIM
GASC23,GASC23,GASC23,BORDEAUX INFRA
GASC23,GASC23,GASC23,MANACA INFRA
GASC23,GASC23,GASC23,TOPAZIO INFRA
RALM21,RALM21,RALM21,BORDEAUX INFRA
RALM21,RALM21,RALM21,MANACA INFRA
RALM21,RALM21,RALM21,TOPAZIO INFRA
AESLA9,AESLA9,AESLA9,BORDEAUX INFRA
AESLA9,AESLA9,AESLA9,MANACA INFRA
AESLA9,AESLA9,AESLA9,TOPAZIO INFRA
RDORB9,RDORB9,RDORB9,FIRF GERAES
RDORB9,RDORB9,RDORB9,FIRF GERAES 30
RDORC9,RDORC9,RDORC9,FIRF GERAES 30
RDORB9,RDORB9,RDORB9,HORIZONTE FIM
RDORC9,RDORC9,RDORC9,HORIZONTE FIM
QUAL16,QUAL16,QUAL16,BORDEAUX INFRA
QUAL16,QUAL16,QUAL16,FIRF GERAES
QUAL16,QUAL16,QUAL16,FIRF GERAES 30
QUAL16,QUAL16,QUAL16,HORIZONTE FIM
QUAL16,QUAL16,QUAL16,TOPAZIO INFRA
QMCT14,QMCT14,QMCT14,BORDEAUX INFRA
QMCT14,QMCT14,QMCT14,MANACA INFRA
QMCT14,QMCT14,QMCT14,TOPAZIO INFRA
PEJA11,PEJA11,PEJA11,BORDEAUX INFRA
PEJA21,PEJA21,PEJA21,FIRF GERAES
PEJA21,PEJA21,PEJA21,FIRF GERAES 30
PEJA21,PEJA21,PEJA21,HORIZONTE FIM
PEJA11,PEJA11,PEJA11,MANACA INFRA
PEJA11,PEJA11,PEJA11,TOPAZIO INFRA
PSAN23,PSAN23,PSAN23,HORIZONTE FIM
ONCO19,ONCO19,ONCO19,BORDEAUX INFRA
ONCO19,ONCO19,ONCO19,FIRF GERAES
ONCO19,ONCO19,ONCO19,FIRF GERAES 30
ONCO19,ONCO19,ONCO19,HORIZONTE FIM
ONCO19,ONCO19,ONCO19,TOPAZIO INFRA
OMGE12,OMGE12,OMGE12,BORDEAUX INFRA
OMGE13,OMGE13,OMGE13,FIRF GERAES
OMGE13,OMGE13,OMGE13,FIRF GERAES 30
OMGE12,OMGE12,OMGE12,TOPAZIO INFRA
NTSD17,NTSD17,NTSD17,FIRF GERAES
NTSD17,NTSD17,NTSD17,FIRF GERAES 30
NTSD35,NTSD35,NTSD35,HORIZONTE FIM
NEOE26,NEOE26,NEOE26,BORDEAUX INFRA
NEOE26,NEOE26,NEOE26,MANACA INFRA
NMCH11,NMCH11,NMCH11,MANACA INFRA
NMCH11,NMCH11,NMCH11,TOPAZIO INFRA
MVLV19,MVLV19,MVLV19,FIRF GERAES
MVLV19,MVLV19,MVLV19,FIRF GERAES 30
MOVI34,MOVI34,MOVI34,HORIZONTE FIM
CCROB6,CCROB6,CCROB6,MANACA INFRA
MNLT11,MNLT11,MNLT11,FIRF GERAES
MNLT11,MNLT11,MNLT11,FIRF GERAES 30
MNRVA1,MNRVA1,MNRVA1,FIRF GERAES
MNRVA1,MNRVA1,MNRVA1,FIRF GERAES 30
MNRVA1,MNRVA1,MNRVA1,HORIZONTE FIM
LORTB9,LORTB9,LORTB9,HORIZONTE FIM
TFLED0,TFLED0,TFLED0,FIRF GERAES
TFLED0,TFLED0,TFLED0,FIRF GERAES 30
LIGH1B,LIGH1B,LIGH1B,BORDEAUX INFRA
LIGT11,LIGT11,LIGT11,BORDEAUX INFRA
LIGHB6,LIGHB6,LIGHB6,BORDEAUX INFRA
LIGH2B,LIGH2B,LIGH2B,BORDEAUX INFRA
LIGHC6,LIGHC6,LIGHC6,BORDEAUX INFRA
LIGH1B,LIGH1B,LIGH1B,FIRF GERAES
LIGHB6,LIGHB6,LIGHB6,FIRF GERAES
LIGT11,LIGT11,LIGT11,FIRF GERAES
LIGH2B,LIGH2B,LIGH2B,FIRF GERAES
LIGHC6,LIGHC6,LIGHC6,FIRF GERAES
LIGH1B,LIGH1B,LIGH1B,FIRF GERAES 30
LIGT11,LIGT11,LIGT11,FIRF GERAES 30
LIGHB6,LIGHB6,LIGHB6,FIRF GERAES 30
LIGH2B,LIGH2B,LIGH2B,FIRF GERAES 30
LIGHC6,LIGHC6,LIGHC6,FIRF GERAES 30
LIGH1B,LIGH1B,LIGH1B,HORIZONTE FIM
LIGT11,LIGT11,LIGT11,HORIZONTE FIM
LIGH2B,LIGH2B,LIGH2B,HORIZONTE FIM
LIGH1B,LIGH1B,LIGH1B,TOPAZIO INFRA
LIGHB6,LIGHB6,LIGHB6,TOPAZIO INFRA
LIGH2B,LIGH2B,LIGH2B,TOPAZIO INFRA
LIGHC6,LIGHC6,LIGHC6,TOPAZIO INFRA
KLBNA5,KLBNA5,KLBNA5,BORDEAUX INFRA
KLBNA2,KLBNA2,KLBNA2,FIRF GERAES
KLBNA2,KLBNA2,KLBNA2,FIRF GERAES 30
KLBNA2,KLBNA2,KLBNA2,HORIZONTE FIM
KLBNA5,KLBNA5,KLBNA5,MANACA INFRA
KLBNA5,KLBNA5,KLBNA5,TOPAZIO INFRA
JSLGA5,JSLGA5,JSLGA5,FIRF GERAES
JSLGA5,JSLGA5,JSLGA5,FIRF GERAES 30
JSLGA5,JSLGA5,JSLGA5,MANACA INFRA
JSLGA5,JSLGA5,JSLGA5,TOPAZIO INFRA
CTEE29,CTEE29,CTEE29,BORDEAUX INFRA
CTEE29,CTEE29,CTEE29,MANACA INFRA
CTEE29,CTEE29,CTEE29,TOPAZIO INFRA
IGSN15,IGSN15,IGSN15,BORDEAUX INFRA
IGSN15,IGSN15,IGSN15,MANACA INFRA
IGSN15,IGSN15,IGSN15,TOPAZIO INFRA
HARG11,HARG11,HARG11,BORDEAUX INFRA
HARG11,HARG11,HARG11,MANACA INFRA
HARG11,HARG11,HARG11,TOPAZIO INFRA
HBSA11,HBSA11,HBSA11,BORDEAUX INFRA
HBSA12,HBSA12,HBSA12,FIRF GERAES
HBSA12,HBSA12,HBSA12,FIRF GERAES 30
HBSA12,HBSA12,HBSA12,HORIZONTE FIM
HBSA11,HBSA11,HBSA11,MANACA INFRA
HBSA11,HBSA11,HBSA11,TOPAZIO INFRA
HVSP11,HVSP11,HVSP11,AF DEB INCENTIVADAS
HVSP11,HVSP11,HVSP11,BORDEAUX INFRA
HVSP11,HVSP11,HVSP11,MANACA INFRA
HVSP11,HVSP11,HVSP11,TOPAZIO INFRA
HAPV21,HAPV21,HAPV21,FIRF GERAES
SUMI17,SUMI17,SUMI17,AF DEB INCENTIVADAS
SUMI17,SUMI17,SUMI17,BORDEAUX INFRA
SUMI17,SUMI17,SUMI17,MANACA INFRA
SUMI17,SUMI17,SUMI17,TOPAZIO INFRA
FBRI13,FBRI13,FBRI13,BORDEAUX INFRA
FBRI13,FBRI13,FBRI13,MANACA INFRA
FBRI13,FBRI13,FBRI13,TOPAZIO INFRA
CGBP14,CGBP14,CGBP14,FIRF GERAES
CGBP14,CGBP14,CGBP14,FIRF GERAES 30
AEGE17,AEGE17,AEGE17,FIRF GERAES 30
AEGE17,AEGE17,AEGE17,HORIZONTE FIM
EQTR11,EQTR11,EQTR11,AF DEB INCENTIVADAS
EQTR11,EQTR11,EQTR11,MANACA INFRA
EQPA18,EQPA18,EQPA18,BORDEAUX INFRA
EQPA18,EQPA18,EQPA18,MANACA INFRA
EQPA18,EQPA18,EQPA18,TOPAZIO INFRA
CGOS16,CGOS16,CGOS16,BORDEAUX INFRA
CGOS18,CGOS18,CGOS18,FIRF GERAES
CGOS18,CGOS18,CGOS18,FIRF GERAES 30
CGOS18,CGOS18,CGOS18,HORIZONTE FIM
CGOS34,CGOS34,CGOS34,MANACA INFRA
CGOS16,CGOS16,CGOS16,TOPAZIO INFRA
ENTV12,ENTV12,ENTV12,MANACA INFRA
EGIEA4,EGIEA4,EGIEA4,AF DEB INCENTIVADAS
EGIEA4,EGIEA4,EGIEA4,BORDEAUX INFRA
EGIEB2,EGIEB2,EGIEB2,BORDEAUX INFRA
EGIEB2,EGIEB2,EGIEB2,MANACA INFRA
EGIEA4,EGIEA4,EGIEA4,MANACA INFRA
EGIEB2,EGIEB2,EGIEB2,TOPAZIO INFRA
EGIEA4,EGIEA4,EGIEA4,TOPAZIO INFRA
ENEV32,ENEV32,ENEV32,AF DEB INCENTIVADAS
ENEV32,ENEV32,ENEV32,BORDEAUX INFRA
ENEV29,ENEV29,ENEV29,MANACA INFRA
ENEV32,ENEV32,ENEV32,MANACA INFRA
CESE32,CESE32,CESE32,TOPAZIO INFRA
ENEV18,ENEV18,ENEV18,TOPAZIO INFRA
CTNSA2,CTNSA2,CTNSA2,HORIZONTE FIM
ENGIA5,ENGIA5,ENGIA5,BORDEAUX INFRA
ENGIC4,ENGIC4,ENGIC4,FIRF GERAES
ENGIC4,ENGIC4,ENGIC4,FIRF GERAES 30
ENGIA6,ENGIA6,ENGIA6,MANACA INFRA
ENGIB9,ENGIB9,ENGIB9,TOPAZIO INFRA
ENGIA5,ENGIA5,ENGIA5,TOPAZIO INFRA
ENMTB3,ENMTB3,ENMTB3,BORDEAUX INFRA
ENAT14,ENAT14,ENAT14,BORDEAUX INFRA
ENAT14,ENAT14,ENAT14,MANACA INFRA
ENAT14,ENAT14,ENAT14,TOPAZIO INFRA
EKTRC1,EKTRC1,EKTRC1,BORDEAUX INFRA
EKTRC1,EKTRC1,EKTRC1,MANACA INFRA
EKTRC1,EKTRC1,EKTRC1,TOPAZIO INFRA
ERDVC3,ERDVC3,ERDVC3,BORDEAUX INFRA
ERDVA2,ERDVA2,ERDVA2,FIRF GERAES
ERDVB3,ERDVB3,ERDVB3,FIRF GERAES
ERDVA2,ERDVA2,ERDVA2,FIRF GERAES 30
ERDVB3,ERDVB3,ERDVB3,FIRF GERAES 30
ERDVB3,ERDVB3,ERDVB3,HORIZONTE FIM
ERDVA2,ERDVA2,ERDVA2,HORIZONTE FIM
ERDVC3,ERDVC3,ERDVC3,MANACA INFRA
ERDVC3,ERDVC3,ERDVC3,TOPAZIO INFRA
ECHP11,ECHP11,ECHP11,MANACA INFRA
DESK17,DESK17,DESK17,AF DEB INCENTIVADAS
DESK17,DESK17,DESK17,BORDEAUX INFRA
DESK17,DESK17,DESK17,MANACA INFRA
DESK17,DESK17,DESK17,TOPAZIO INFRA
CSANA0,CSANA0,CSANA0,BORDEAUX INFRA
CSAN24,CSAN24,CSAN24,FIRF GERAES
CSANA0,CSANA0,CSANA0,FIRF GERAES
CSAN24,CSAN24,CSAN24,FIRF GERAES 30
CSANB0,CSANB0,CSANB0,FIRF GERAES 30
CSANA0,CSANA0,CSANA0,FIRF GERAES 30
CSAN23,CSAN23,CSAN23,HORIZONTE FIM
CSAN24,CSAN24,CSAN24,HORIZONTE FIM
CPLD37,CPLD37,CPLD37,BORDEAUX INFRA
CPLD37,CPLD37,CPLD37,MANACA INFRA
CPLD37,CPLD37,CPLD37,TOPAZIO INFRA
CRTA12,CRTA12,CRTA12,BORDEAUX INFRA
CRTA12,CRTA12,CRTA12,MANACA INFRA
CRTA12,CRTA12,CRTA12,TOPAZIO INFRA
CBAN52,CBAN52,CBAN52,BORDEAUX INFRA
CBAN72,CBAN72,CBAN72,BORDEAUX INFRA
CBAN72,CBAN72,CBAN72,MANACA INFRA
CBAN52,CBAN52,CBAN52,MANACA INFRA
CBAN72,CBAN72,CBAN72,TOPAZIO INFRA
CBAN12,CBAN12,CBAN12,TOPAZIO INFRA
CERT11,CERT11,CERT11,BORDEAUX INFRA
CERT11,CERT11,CERT11,MANACA INFRA
CERT11,CERT11,CERT11,TOPAZIO INFRA
IVIAA0,IVIAA0,IVIAA0,BORDEAUX INFRA
IVIAA0,IVIAA0,IVIAA0,TOPAZIO INFRA
PASS12,PASS12,PASS12,FIRF GERAES
PASS12,PASS12,PASS12,FIRF GERAES 30
PASS12,PASS12,PASS12,HORIZONTE FIM
PASS12,PASS12,PASS12,MANACA INFRA
CSNAA2,CSNAA2,CSNAA2,FIRF GERAES
CSNAA2,CSNAA2,CSNAA2,FIRF GERAES 30
CSNAA2,CSNAA2,CSNAA2,HORIZONTE FIM
CSNAA1,CSNAA1,CSNAA1,HORIZONTE FIM
VTII12,VTII12,VTII12,BORDEAUX INFRA
VTII12,VTII12,VTII12,HORIZONTE FIM
VTII12,VTII12,VTII12,TOPAZIO INFRA
CRCG12,CRCG12,CRCG12,FIRF GERAES
CRCG12,CRCG12,CRCG12,FIRF GERAES 30
CRCG12,CRCG12,CRCG12,MANACA INFRA
PALFB3,PALFB3,PALFB3,MANACA INFRA
CHSF13,CHSF13,CHSF13,BORDEAUX INFRA
CHSF12,CHSF12,CHSF12,FIRF GERAES
CHSF12,CHSF12,CHSF12,FIRF GERAES 30
CHSF13,CHSF13,CHSF13,MANACA INFRA
CHSF13,CHSF13,CHSF13,TOPAZIO INFRA
COCE18,COCE18,COCE18,BORDEAUX INFRA
COCE18,COCE18,COCE18,MANACA INFRA
COCE18,COCE18,COCE18,TOPAZIO INFRA
MTRO12,MTRO12,MTRO12,HORIZONTE FIM
CAEC22,CAEC22,CAEC22,FIRF GERAES
CAEC22,CAEC22,CAEC22,FIRF GERAES 30
CAEC22,CAEC22,CAEC22,HORIZONTE FIM
CAEC12,CAEC12,CAEC12,TOPAZIO INFRA
CBRDA8,CBRDA8,CBRDA8,BORDEAUX INFRA
CBRDA8,CBRDA8,CBRDA8,FIRF GERAES
CBRDB8,CBRDB8,CBRDB8,FIRF GERAES
CBRDA8,CBRDA8,CBRDA8,FIRF GERAES 30
CBRDB8,CBRDB8,CBRDB8,FIRF GERAES 30
CBRDB8,CBRDB8,CBRDB8,HORIZONTE FIM
CBRDA8,CBRDA8,CBRDA8,HORIZONTE FIM
CBRDA8,CBRDA8,CBRDA8,MANACA INFRA
CBRDA8,CBRDA8,CBRDA8,TOPAZIO INFRA
COMR14,COMR14,COMR14,MANACA INFRA
BCPSA5,BCPSA5,BCPSA5,BORDEAUX INFRA
BCPSA7,BCPSA7,BCPSA7,BORDEAUX INFRA
BCPSA5,BCPSA5,BCPSA5,MANACA INFRA
BCPSA7,BCPSA7,BCPSA7,MANACA INFRA
BCPSA5,BCPSA5,BCPSA5,TOPAZIO INFRA
BCPSA7,BCPSA7,BCPSA7,TOPAZIO INFRA
SBSPE3,SBSPE3,SBSPE3,BORDEAUX INFRA
SBSPE3,SBSPE3,SBSPE3,MANACA INFRA
SBSPE3,SBSPE3,SBSPE3,TOPAZIO INFRA
CEDO13,CEDO13,CEDO13,HORIZONTE FIM
CEEBC3,CEEBC3,CEEBC3,AF DEB INCENTIVADAS
AALR13,AALR13,AALR13,BORDEAUX INFRA
AALR13,AALR13,AALR13,FIRF GERAES
AALR13,AALR13,AALR13,FIRF GERAES 30
AALR13,AALR13,AALR13,HORIZONTE FIM
AALR13,AALR13,AALR13,TOPAZIO INFRA
CEROA3,CEROA3,CEROA3,BORDEAUX INFRA
CEROA3,CEROA3,CEROA3,MANACA INFRA
ELET14,ELET14,ELET14,BORDEAUX INFRA
ELET14,ELET14,ELET14,MANACA INFRA
ELET14,ELET14,ELET14,TOPAZIO INFRA
CMGDB0,CMGDB0,CMGDB0,BORDEAUX INFRA
CMGDB0,CMGDB0,CMGDB0,MANACA INFRA
CMGDB0,CMGDB0,CMGDB0,TOPAZIO INFRA
CLCD27,CLCD27,CLCD27,BORDEAUX INFRA
CLCD18,CLCD18,CLCD18,HORIZONTE FIM
CLCD27,CLCD27,CLCD27,MANACA INFRA
CLCD27,CLCD27,CLCD27,TOPAZIO INFRA
BRKP28,BRKP28,BRKP28,BORDEAUX INFRA
BRKPA0,BRKPA0,BRKPA0,FIRF GERAES
BRKPA2,BRKPA2,BRKPA2,FIRF GERAES
BRKPA0,BRKPA0,BRKPA0,FIRF GERAES 30
BRKPA2,BRKPA2,BRKPA2,FIRF GERAES 30
BRKPA0,BRKPA0,BRKPA0,HORIZONTE FIM
BRKPA2,BRKPA2,BRKPA2,HORIZONTE FIM
BRKP28,BRKP28,BRKP28,MANACA INFRA
RMSA12,RMSA12,RMSA12,BORDEAUX INFRA
RMSA12,RMSA12,RMSA12,MANACA INFRA
RMSA12,RMSA12,RMSA12,TOPAZIO INFRA
BRFS31,BRFS31,BRFS31,FIRF GERAES
BRFS31,BRFS31,BRFS31,FIRF GERAES 30
BRFS31,BRFS31,BRFS31,HORIZONTE FIM
BRKMA6,BRKMA6,BRKMA6,FIRF GERAES
BRKMA6,BRKMA6,BRKMA6,FIRF GERAES 30
BRKMB6,BRKMB6,BRKMB6,FIRF GERAES 30
BRKMA6,BRKMA6,BRKMA6,HORIZONTE FIM
BRKMB8,BRKMB8,BRKMB8,HORIZONTE FIM
BRKMB6,BRKMB6,BRKMB6,HORIZONTE FIM
BRKMB6,BRKMB6,BRKMB6,MANACA INFRA
BHSA11,BHSA11,BHSA11,BORDEAUX INFRA
BHSA11,BHSA11,BHSA11,TOPAZIO INFRA
PLSB1A,PLSB1A,PLSB1A,BORDEAUX INFRA
PLSB1A,PLSB1A,PLSB1A,TOPAZIO INFRA
ARTR19,ARTR19,ARTR19,AF DEB INCENTIVADAS
ARTR19,ARTR19,ARTR19,MANACA INFRA
APPT11,APPT11,APPT11,BORDEAUX INFRA
APPT11,APPT11,APPT11,MANACA INFRA
APPT11,APPT11,APPT11,TOPAZIO INFRA
AMERF2,AMERF2,AMERF2,BORDEAUX INFRA
AMERF2,AMERF2,AMERF2,FIRF GERAES
AMERF2,AMERF2,AMERF2,FIRF GERAES 30
AMERG2,AMERG2,AMERG2,GLOBAL BONDS
AMERG2,AMERG2,AMERG2,HORIZONTE FIM
AMERF2,AMERF2,AMERF2,HORIZONTE FIM
ANET12,ANET12,ANET12,BORDEAUX INFRA
ANET12,ANET12,ANET12,MANACA INFRA
ANET12,ANET12,ANET12,TOPAZIO INFRA
ALGAB1,ALGAB1,ALGAB1,BORDEAUX INFRA
ALGAB1,ALGAB1,ALGAB1,MANACA INFRA
ALGAB1,ALGAB1,ALGAB1,TOPAZIO INFRA
GSTS14,GSTS14,GSTS14,BORDEAUX INFRA
GSTS14,GSTS14,GSTS14,MANACA INFRA
GSTS14,GSTS14,GSTS14,TOPAZIO INFRA
AGSF13,AGSF13,AGSF13,HORIZONTE FIM
AESOA1,AESOA1,AESOA1,BORDEAUX INFRA
TIET29,TIET29,TIET29,BORDEAUX INFRA
TIET19,TIET19,TIET19,HORIZONTE FIM
AESOA1,AESOA1,AESOA1,MANACA INFRA
TIET29,TIET29,TIET29,MANACA INFRA
AESOA1,AESOA1,AESOA1,TOPAZIO INFRA
TIET29,TIET29,TIET29,TOPAZIO INFRA
AERI12,AERI12,AERI12,BORDEAUX INFRA
AERI12,AERI12,AERI12,FIRF GERAES
AERI12,AERI12,AERI12,FIRF GERAES 30
AERI12,AERI12,AERI12,TOPAZIO INFRA
AEGP0B,AEGP0B,AEGP0B,BORDEAUX INFRA
AEGP19,AEGP19,AEGP19,FIRF GERAES
AEGP19,AEGP19,AEGP19,FIRF GERAES 30
AEGP0B,AEGP0B,AEGP0B,HORIZONTE FIM
AEGP0B,AEGP0B,AEGP0B,MANACA INFRA
AEGP0B,AEGP0B,AEGP0B,TOPAZIO INFRA
RRRP14,RRRP14,RRRP14,FIRF GERAES
RRRP14,RRRP14,RRRP14,FIRF GERAES 30
CRI VIC Engenharia,CRIVICENGENHARIA,CRIVICENGENHARIA,HORIZONTE FIM
CRI VIC Engenharia,CRIVICENGENHARIA,CRIVICENGENHARIA,MANACA INFRA
CRI Vic Engenharia 1ª Emissão,,,BORDEAUX INFRA
CRI Vic Engenharia 1ª Emissão,,,HORIZONTE FIM
CRA Ferroeste 2ª Série,CRAFERROESTE2ASERIE,CRAFERROESTE2ASERIE,FIRF GERAES
CRA Ferroeste 2ª Série,CRAFERROESTE2ASERIE,CRAFERROESTE2ASERIE,FIRF GERAES 30
CRA Ferroeste 2ª Série,CRAFERROESTE2ASERIE,CRAFERROESTE2ASERIE,HORIZONTE FIM
USG98239AB55,USG98239AB55,USG98239AB55,GLOBAL BONDS
VAMOBZ00001,VAMOBZ00001,VAMOBZ00001,GLOBAL BONDS
VAMOBZ00001,VAMOBZ00001,VAMOBZ00001,HORIZONTE FIM
CORURI27,CORURI27,CORURI27,HORIZONTE FIM
Unigel nota dinheiro novo,,,GLOBAL BONDS
Unigel nota reestruturada,,,GLOBAL BONDS
Unigel nota participativa,,,GLOBAL BONDS
Unigel nota dinheiro novo,,,HORIZONTE FIM
Unigel nota reestruturada,,,HORIZONTE FIM
Unigel nota participativa,,,HORIZONTE FIM
TUPY31,TUPY31,TUPY31,GLOBAL BONDS
SIMHBZ31,SIMHBZ31,SIMHBZ31,GLOBAL BONDS
PRIOBZ00001,PRIOBZ00001,PRIOBZ00001,HORIZONTE FIM
NATURA29,NATURA29,NATURA29,HORIZONTE FIM
USL65266AC91,USL65266AC91,USL65266AC91,GLOBAL BONDS
MOVIBZ00001,MOVIBZ00001,MOVIBZ00001,HORIZONTE FIM
USP8T88JAA61,USP8T88JAA61,USP8T88JAA61,GLOBAL BONDS
USG588,USG588,USG588,HORIZONTE FIM
IOCMXW28,IOCMXW28,IOCMXW28,GLOBAL BONDS
ECOPET43,ECOPET43,ECOPET43,GLOBAL BONDS
CSANBZ PERP,CSANBZPERP,CSANBZPERP,GLOBAL BONDS
CSANBZ PERP,CSANBZPERP,CSANBZPERP,HORIZONTE FIM
BANORT 7 ⅝ PERP,BANORT758PERP,BANORT758PERP,GLOBAL BONDS
BCOLO27,BCOLO27,BCOLO27,GLOBAL BONDS
760199,760199,760199,ALFA HORIZON FIA
760199,760199,760199,BORDEAUX INFRA
100000,100000,100000,FIA MINAS
210100,210100,210100,FIRF GERAES
210100,210100,210100,FIRF GERAES 30
950199,950199,950199,HORIZONTE FIM
100000,100000,100000,MANACA INFRA
760199,760199,760199,MINAS DIVIDENDOS FIA
210100,210100,210100,ROMEU FIM
760199,760199,760199,TOPAZIO INFRA
760199,760199,760199,AF DEB INCENTIVADAS
210100,210100,210100,BBRASIL FIM CP RESP
210100,210100,210100,MINAS O.N.E. FIA
CDB3253PPYA,CDB3253PPYA,CDB3253PPYA,FIRF GERAES
CDB3253PPYA,CDB3253PPYA,CDB3253PPYA,FIRF GERAES 30
CDB3253PPYA,CDB3253PPYA,CDB3253PPYA,MANACA INFRA
CDB725A9XNR,CDB725A9XN,CDB725A9XN,BMG SEG
CDB725A9XNR,CDB725A9XN,CDB725A9XN,FIRF GERAES
CDB725A9XNR,CDB725A9XN,CDB725A9XN,FIRF GERAES 30
CDB9258SUWD,CDB9258SUWD,CDB9258SUWD,FIRF GERAES
CDB9258SUWD,CDB9258SUWD,CDB9258SUWD,FIRF GERAES 30
CDB424EERW3,CDB424EERW,CDB424EERW,BBRASIL FIM CP RESP
CDB425AOGM0,CDB425AOGM,CDB425AOGM,BMG SEG
CDB425AOGM0,CDB425AOGM,CDB425AOGM,FIRF GERAES
CDB425AOGM0,CDB425AOGM,CDB425AOGM,FIRF GERAES 30
CDB7257QUDI,CDB7257QUDI,CDB7257QUDI,BMG SEG
CDB7257QUDG,CDB7257QUDG,CDB7257QUDG,FIRF GERAES
CDB7257QUDH,CDB7257QUDH,CDB7257QUDH,FIRF GERAES 30
CDB3239C4TL,CDB3239C4TL,CDB3239C4TL,BBRASIL FIM CP RESP
CDB3251WXH0,CDB3251WXH0,CDB3251WXH0,BMG SEG
CDB Agibank,CDBAGIBANK,CDBAGIBANK,BMG SEG
CDB Agibank,CDBAGIBANK,CDBAGIBANK,BORDEAUX INFRA
CDB3251WXH0,CDB3251WXH0,CDB3251WXH0,FIRF GERAES
CDB Agibank,CDBAGIBANK,CDBAGIBANK,FIRF GERAES
CDB3251WXH0,CDB3251WXH0,CDB3251WXH0,FIRF GERAES 30
CDB Agibank,CDBAGIBANK,CDBAGIBANK,FIRF GERAES 30
CDB Agibank,CDBAGIBANK,CDBAGIBANK,MANACA INFRA
CDB3251WXH0,CDB3251WXH0,CDB3251WXH0,TOPAZIO INFRA
CAIXA,,,AF DEB INCENTIVADAS
CAIXA,,,ALFA HORIZON FIA
CAIXA,,,BBRASIL FIM CP RESP
CAIXA,,,BMG SEG
CAIXA,,,BORDEAUX INFRA
CAIXA,,,FIA MINAS
CAIXA,,,FIRF GERAES
CAIXA,,,FIRF GERAES 30
CAIXA,,,GLOBAL BONDS
CAIXA,,,HORIZONTE FIM
CAIXA,,,MANACA INFRA
CAIXA,,,MINAS DIVIDENDOS FIA
CAIXA,,,MINAS O.N.E. FIA
CAIXA,,,ROMEU FIM
CAIXA,,,TOPAZIO INFRA
YDUQ3,,,ALFA HORIZON FIA
YDUQ3,,,FIA MINAS
YDUQ3,,,MINAS DIVIDENDOS FIA
VAMO3,,,FIA MINAS
SUZB3,,,ALFA HORIZON FIA
SUZB3,,,FIA MINAS
SEER3,,,ALFA HORIZON FIA
SEER3,,,FIA MINAS
SEER3,,,MINAS DIVIDENDOS FIA
PRIO3,,,ALFA HORIZON FIA
PRIO3,,,FIA MINAS
MOVI3,,,ALFA HORIZON FIA
MOVI3,,,FIA MINAS
MOVI3,,,MINAS O.N.E. FIA
MELK3,,,MINAS DIVIDENDOS FIA
AMER3,,,GLOBAL BONDS
AMER3,,,HORIZONTE FIM
KLBN11,KLBN11,KLBN11,ALFA HORIZON FIA
KLBN11,KLBN11,KLBN11,MINAS DIVIDENDOS FIA
ITSA4,,,ALFA HORIZON FIA
ITSA4,,,MINAS DIVIDENDOS FIA
LQD US,,,HORIZONTE FIM
GOLD11,GOLD11,GOLD11,HORIZONTE FIM
BBAS3,,,MINAS DIVIDENDOS FIA
ABCB4,,,ALFA HORIZON FIA
ABCB4,,,MINAS DIVIDENDOS FIA
ANIM3,,,ALFA HORIZON FIA
ANIM3,,,FIA MINAS
AMER11,AMER11,AMER11,GLOBAL BONDS
AMER11,AMER11,AMER11,HORIZONTE FIM
ALOS3,,,MINAS DIVIDENDOS FIA
ABCB2,,,ALFA HORIZON FIA
TIP US,,,GLOBAL BONDS
TLT US,,,GLOBAL BONDS
TIP US,,,HORIZONTE FIM
US8605701189,US8605701189,US8605701189,HORIZONTE FIM
ABCB2,,,MINAS DIVIDENDOS FIA
